{
  "experiment_name": "general_Cfarm_100",
  "timestamp": "2026-07-15 01:31:03",
  "config": {
    "dataset": "CIFAR-100",
    "classes_base": 20,
    "classes_por_sessao": 7,
    "k_shot": 8,
    "estrategia": "media_movel_exponencial",
    "incluir_hog": false,
    "semente": 35
  },
  "resultados": {
    "historico_acuracias": [
      0.1643192488262911,
      0.14335664335664336
    ],
    "acuracia_media": 0.15383794609146723,
    "performance_dropping_rate": 0.020962605469647733,
    "esquecimento_medio": 0.003611111111111111,
    "historico_matrizes": [
      [
        [
          0,
          0,
          0,
          0,
          1,
          0,
          2,
          0,
          0,
          0,
          1,
          1,
          0,
          0,
          0,
          1,
          0,
          1,
          3,
          1
        ],
        [
          0,
          1,
          1,
          1,
          1,
          0,
          0,
          0,
          0,
          0,
          0,
          2,
          0,
          1,
          0,
          0,
          0,
          1,
          1,
          1
        ],
        [
          0,
          0,
          1,
          2,
          0,
          0,
          2,
          0,
          0,
          0,
          2,
          1,
          0,
          0,
          0,
          0,
          0,
          2,
          1,
          1
        ],
        [
          0,
          0,
          0,
          5,
          0,
          0,
          1,
          0,
          0,
          0,
          0,
          0,
          0,
          0,
          0,
          0,
          0,
          2,
          4,
          0
        ],
        [
          1,
          0,
          1,
          0,
          3,
          1,
          0,
          0,
          0,
          0,
          0,
          0,
          0,
          0,
          1,
          0,
          0,
          0,
          2,
          1
        ],
        [
          0,
          1,
          1,
          1,
          1,
          1,
          0,
          0,
          1,
          0,
          0,
          0,
          0,
          0,
          1,
          1,
          0,
          1,
          6,
          0
        ],
        [
          0,
          0,
          0,
          0,
          1,
          0,
          0,
          0,
          1,
          2,
          0,
          2,
          0,
          0,
          0,
          2,
          0,
          0,
          2,
          0
        ],
        [
          2,
          0,
          0,
          0,
          2,
          0,
          0,
          0,
          0,
          1,
          0,
          0,
          0,
          0,
          1,
          0,
          0,
          3,
          2,
          1
        ],
        [
          0,
          0,
          0,
          1,
          0,
          2,
          0,
          0,
          0,
          0,
          1,
          2,
          0,
          0,
          0,
          0,
          0,
          0,
          1,
          0
        ],
        [
          0,
          0,
          0,
          0,
          1,
          0,
          1,
          0,
          1,
          1,
          0,
          2,
          0,
          0,
          0,
          1,
          0,
          0,
          0,
          0
        ],
        [
          0,
          0,
          1,
          1,
          2,
          0,
          0,
          1,
          1,
          0,
          1,
          2,
          1,
          0,
          0,
          2,
          0,
          2,
          1,
          0
        ],
        [
          0,
          0,
          0,
          0,
          1,
          1,
          1,
          0,
          0,
          0,
          2,
          7,
          0,
          0,
          0,
          1,
          0,
          1,
          1,
          0
        ],
        [
          0,
          0,
          0,
          0,
          1,
          0,
          1,
          0,
          0,
          0,
          0,
          1,
          0,
          0,
          0,
          3,
          0,
          0,
          0,
          0
        ],
        [
          0,
          0,
          0,
          5,
          0,
          3,
          0,
          0,
          2,
          0,
          1,
          3,
          0,
          0,
          0,
          0,
          0,
          1,
          3,
          0
        ],
        [
          1,
          0,
          0,
          0,
          0,
          1,
          0,
          0,
          0,
          1,
          1,
          2,
          0,
          0,
          2,
          2,
          0,
          0,
          0,
          1
        ],
        [
          0,
          0,
          0,
          1,
          1,
          1,
          1,
          0,
          0,
          1,
          0,
          0,
          0,
          0,
          0,
          1,
          0,
          2,
          4,
          0
        ],
        [
          0,
          0,
          0,
          1,
          1,
          0,
          0,
          0,
          0,
          0,
          1,
          1,
          0,
          0,
          0,
          1,
          1,
          0,
          3,
          0
        ],
        [
          0,
          0,
          0,
          0,
          0,
          0,
          0,
          0,
          0,
          0,
          0,
          0,
          0,
          0,
          0,
          0,
          0,
          2,
          0,
          0
        ],
        [
          0,
          0,
          0,
          0,
          3,
          0,
          0,
          0,
          0,
          0,
          0,
          0,
          0,
          0,
          0,
          2,
          0,
          0,
          5,
          0
        ],
        [
          0,
          0,
          1,
          0,
          0,
          0,
          0,
          0,
          0,
          0,
          1,
          0,
          0,
          0,
          1,
          0,
          0,
          0,
          2,
          4
        ]
      ],
      [
        [
          0,
          0,
          0,
          0,
          1,
          0,
          0,
          1,
          0,
          0,
          0,
          0,
          0,
          0,
          0,
          1,
          0,
          0,
          0,
          0,
          0,
          0,
          0,
          0,
          2,
          2,
          1
        ],
        [
          0,
          0,
          0,
          0,
          1,
          0,
          0,
          1,
          0,
          0,
          1,
          0,
          0,
          0,
          0,
          2,
          1,
          1,
          0,
          0,
          0,
          0,
          0,
          0,
          1,
          3,
          0
        ],
        [
          0,
          0,
          1,
          1,
          1,
          0,
          1,
          1,
          0,
          0,
          0,
          0,
          0,
          0,
          0,
          0,
          0,
          2,
          0,
          1,
          0,
          0,
          0,
          0,
          1,
          1,
          0
        ],
        [
          0,
          0,
          0,
          1,
          1,
          0,
          2,
          0,
          0,
          0,
          2,
          0,
          0,
          0,
          0,
          0,
          2,
          1,
          0,
          0,
          0,
          0,
          0,
          0,
          2,
          1,
          0
        ],
        [
          0,
          0,
          0,
          0,
          5,
          0,
          1,
          2,
          0,
          0,
          0,
          0,
          0,
          0,
          1,
          0,
          0,
          0,
          0,
          0,
          0,
          0,
          0,
          0,
